Why Be Happy When You Could Be Normal?,Jeanette Winterson,(Semi-) Autobiography,EN,Berlin
"Dürfen wir so bleiben, sie wir sind?",Jürgen Wiebicke,Anthropology,DE,Berlin
Der grosse Preis,Isabelle Graw,Art,DE,Berlin
Kunst ist käuflich,Dirk boll,Art,DE,Berlin
Mschatta Fassade,"Wolf Dieter Dube
",Art,DE,Berlin
Theaterstücke,Harold Pinter,Art,DE,Berlin
Das Geschenk der Kunst ,Peter Klaus Schuster,Art,DE/EN,Berlin
..isms - understanding art,,Art,EN,Berlin
Art History: a very short introduction,Dana Arnold,Art,EN,Berlin
Art of the Deal: Contemporary Art in a Global Financial Market ,Noah Horowitz,Art,EN,Berlin
Bauhaus magdalena droste,Magdalena Droste,Art,EN,Berlin
Bauhaus Utopien,Bauhaus,Art,EN,Berlin
Nulla dies sina linea,"David Böhm, jiri franta",Art,EN,Berlin
Seeing the light in art,Gillian Wolfe,Art,EN,Berlin
George Grosz,Ralph Jentsch,Art,FR,Berlin
Kandisky,Hajo Düchting,Art,NL,Berlin
Arbeit und struktur,Wolfgang Herrndorf,Autobiography,DE,Berlin
Briefe an sartre,Simone de beauvoir,Autobiography,DE,Berlin
"Ich weiss, ich war's",Christoph Schlingensief,Autobiography,DE,Berlin
Was mir wichtig war,Maron gräfin Dönhoff,Autobiography,DE,Berlin
 Fucking Berlin,Sonia Rossi,Autobiography,EN,Berlin
A mighty heart,Mariane Pearl,Autobiography,EN,Berlin
We are our mothers' daughters,Cokie Roberts,Autobiography,EN,Berlin
Wild,Cheryl Strayed,Autobiography,EN,Berlin
The Spiritual Journey of Alejandro Jodorowsky,Jodorowsky,Autobiography,EN,Berlin
Papeles Inesperados,Julio Cortázar,Autobiography,ES,Berlin
The (honest) truth about dishonesty,Dan Ariely,Behavioral Economics,EN,Berlin
Hitler der aufstieg,Joachim C. Fest,Biography,DE,Berlin
Hitler der führer,Joachim C. Fest,Biography,DE,Berlin
Katharina die grosse,Vincent Cronin,Biography,DE,Berlin
A translantic love affair ,Simone de beauvoir,Biography,EN,Berlin
Follow your gut,"Rob Knight, Bendan Buhler",Biology,EN,Berlin
Die 11 Geheimnisse des ALDI-Erfolgs,Dieter Brandes,Business,DE,Berlin
Einfach managen,Dieter Brandes,Business,DE,Berlin
Business stripped bare,Richard Branson,Business,EN,Berlin
"Clans, supercharge your business",Sandy McDonald,Business,EN,Berlin
Hope is not a strategy,Rick Page,Business,EN,Berlin
I will teach you to be rich,Ramit Sethi,Business,EN,Berlin
The keys to success and long term fullfillment,George Leonard,Business,EN,Berlin
Who Moved My Cheese? An Amazing Way to Deal with Change in Your Work and in Your Life,Spencer Johnson,Business,EN,Berlin
"Oh, wie schön ist Panama",Janosch,Children Fiction,DE,Berlin
Hitchcock/Truffaut,Truffaut,Cinema,EN,Berlin
Pulp Fiction - The script,Quentin Tarantino,Cinema,EN,Berlin
The Wes Anderson Collection,Matt Zoller Seitz,Cinema,EN,Berlin
Siddhartha,Hermann Hesse,Classic,DE,Berlin
Metamorphasis and Other Stories,Franz Kafka,Classic,EN,Berlin
Die enzyklopädie der frühen erde,Isabel Greenberg,Comic,DE,Berlin
Hip hop family tree V2.,Fantagraphics,Comic,EN,Berlin
Journey ,Aaron Becker,Comic,EN,Berlin
Life how it`s supposed to be ,Dirk Verschure,Comic,EN,Berlin
William Shakespeare's Star Wars,Ian Doescher,Comic,EN,Berlin
William shakespeare's star wars,Ian Doescher,Comic,EN,Berlin
Neurocomic,"Dr Matteo Farinella, Dr. Hana Ros",Comic,EN,Berlin
Are you my mother?,Alison Bechdel,Comic ,EN,Berlin
Black Hole,Charles Burns,Comic ,EN,Berlin
Black Paths,David Beauchard,Comic ,EN,Berlin
Fun Home,Alison Bechdel,Comic ,EN,Berlin
Ice Haven,Daniel Clowes,Comic ,EN,Berlin
Jimmy Corrigan : The smartest kid on Earth ,Chris Ware,Comic ,EN,Berlin
Megahex,Simon Hanselmann,Comic ,EN,Berlin
El Incal,"Jodorowsky, Moebius",Comic ,ES,Berlin
Epileptico ,David Beauchard,Comic ,ES,Berlin
The Story of Stuff - wie wir unsere erde zumüllen,Annie Leonard,Consumer science,DE,Berlin
Animal Vegetable Miracle,Barbara Kingsolver,Cooking,EN,Berlin
La cuisine de la villa lorraine marcel kreusch amazon,Marcel Kreusch,Cooking,EN,Berlin
The silver spoon,N/A,Cooking,EN,Berlin
キッチン(Kitchen),吉本ばなな（Banana Yoshimoto）,Cooking,JP,Berlin
Meine Faszinierende Papier-Welt,N/A,Crafts,DE,Berlin
3rd Degree,James Petterson,Crime,EN,Berlin
The White Lioness,Henning Mankel,Crime Fiction,EN,Berlin
An Optimist's Tour of the Future,Mark Stevenson,Culture,EN,Berlin 
Denglisch for Better Knowers,"Adam Fletcher, Paul Hawkins",Culture,EN/DE,Berlin
How to be German/ Wie Man Deutscher Wird,Adam Fletcher,Culture,EN/DE,Berlin
Make Me German,Adam Fletcher,Culture,EN/DE,Berlin
Illusion Confusion,Paul M. Baars,Design,EN,Berlin
"Fachwörterbuch Telekommunikation, Eng- Deu- Frz","J.P.Rehahn, 1992",Dictionary,"E, D, F",Berlin
Bhagavat Gita - wie sie ist,A.C. Bhaktivedanta Swami P.,Eastern Science,EN,Berlin
Vedanta Treatise - The Eternities,A. Parthasarathy,Eastern Science,EN,BErlin
Parkinson Gesetz,Parkinson,Economics,DE,Berlin
23 things they don't tell you about capitalism,Ha-Joon Chang,Economics,EN,Berlin
Animal spirit,"Akerlf, Shiller",Economics,EN,Berlin
Consumptionomics,Nair,Economics,EN,Berlin
Dear under cover economist,Tim Harford,Economics,EN,Berlin
Freakonomics,"Steven D. Levitt, Stephen J. Durner",Economics,EN,Berlin
The mystery of capital,Hernando de Soto,Economics,EN,Berlin
The strategy of conflict,Thomas C. Schelling,Economics,EN,Berlin
A Collection of Essays,George Orwell,Essays,EN,Berlin
Der Herr der Ringe,John R. R. Tolkien,Fantasy,DE,Berlin
The brothers grimm volume 2,Grimm,Fantasy,EN,Berlin
Crossroads of twilight,Robert Jordan,Fantasy,EN,Berlin
Lover beware,"Christine feehan, Katherine Sutcliffe, Fiona Brand, Eileen Wilks",Fantasy,EN,Berlin
New Spring,Robert Jordan,Fantasy,EN,Berlin
The scarecrows,Robert westall,Fantasy,EN,Berlin
Living dolls - the return of sexism,Natasha walter,Feminism,DE,Berlin
Wir alpha-mädchen,"Meredith haaf, Susanne Klingner, Barbara streidl",Feminism,DE,Berlin
Black Beauty,Anna sewell,Fiction,EN,Berlin
The lost symbol,Dan brown,Fiction,EN,Berlin
Amok,Stefan Zweig,Fiction,DE,Berlin
Abschied von Gülsary,Tschingis Aitmatow,Fiction,DE,Berlin
Allerseelen,Cees Nooteboom,Fiction,DE,Berlin
Alles echt Berlin,Billi Wowerath,Fiction,DE,Berlin
Am Beispiel des Hummers,David Foster Wallace,Fiction,DE,Berlin
Andorra,Max frish,Fiction,DE,Berlin
Angulus Durus: Traum einer lächerlichen menschen,Gremar grimsen & Sven Regener,Fiction,DE,Berlin
Anleitung zum Müßiggang,Tom Hodgkinson,Fiction,DE,Berlin
Atemschaukel,Herta Müller,Fiction,DE,Berlin
Baudolino,Umberto Eco,Fiction,DE,Berlin
Brief an den vater,Franz Kafka,Fiction,DE,Berlin
Bronstein Kinder,Jurek Becker,Fiction,DE,Berlin
Buddenbrooks,Thomas Mann,Fiction,DE,Berlin
Das Bildnis des dorian gray,Oscar wilde,Fiction,DE,Berlin
Das buch der lächerlichen liebe,Milan Kundera,Fiction,DE,Berlin
Das Dschungelbuch,Rudyard Kipling,Fiction,DE,Berlin
Das Hotel Hampshire john irving,John Irving,Fiction,DE,Berlin
Das leichenbegängnis der grossen mama und andere erzâhlungen,Gabriel Garcia Marquez,Fiction,DE,Berlin
Das treibhaus,Wolfgang Koeppen,Fiction,DE,Berlin
Demian,Hermann Hesse,Fiction,DE,Berlin
Der alchemist,Paulo Coelho,Fiction,DE,Berlin
Der dritte man,Graham Greece,Fiction,DE,Berlin
Der elefant Verschwindet,Haruki Murakami,Fiction,DE,Berlin
Der englische patient,Michael ondaatje,Fiction,DE,Berlin
Der Gott der kleine Dinge,Arundathi Roy,Fiction,DE,Berlin
Der grosse gatsby,Francis Scott Fitzgerald,Fiction,DE,Berlin
Der idiot,Fyodor Dostoyevsky,Fiction,DE,Berlin
Der jongleur,Margriet de moor,Fiction,DE,Berlin
Der kleine Prinz kehrt zurück,Jean-Pierre Davidts,Fiction,DE,Berlin
Der Mann mit der ledertasche,Charles Bukowski,Fiction,DE,Berlin
"Der mann, der den zügen nachsah",Georges Simenon,Fiction,DE,Berlin
Der mantel die nase,Nikolak Gogol,Fiction,DE,Berlin
Der meister und margarita,Michail Bulgakow,Fiction,DE,Berlin
Der Prinz und der Bettlerknabe,Mark Twain,Fiction,DE,Berlin
Der steppenwolf,Herman Hesse,Fiction,DE,Berlin
Der Steppenwolf,Hermann Hesse,Fiction,DE,Berlin
Der Tag zieht den Jahrhundertweg,Tschingis Aitmatow,Fiction,DE,Berlin
Der verlorene Ehre der katharina Blum,Heinrich Böll,Fiction,DE,Berlin
Der Vorleser,Bernhard Schlink,Fiction,DE,Berlin
Der weise Dampfer,Tschingis Aitmatow,Fiction,DE,Berlin
Der Zementgarten ian mcewan,Ian McEwan,Fiction,DE,Berlin
Deutschen Heldensagen,Multiple authors,Fiction,DE,Berlin
Dickens,David Copperfield,Fiction,DE,Berlin
Die Akazie ,Claude Simon,Fiction,DE,Berlin
Die entdeckung der langsamkeit,Sten Nadolny,Fiction,DE,Berlin
Die horbachs,Luise Dickhut,Fiction,DE,Berlin
Die Kamiliendame,Alexandre Dumas,Fiction,DE,Berlin
Die räuber-bande,Leonhard Franke,Fiction,DE,Berlin
Die Reise der Anna Grom,Maria Rybakova,Fiction,DE,Berlin
Die souveräne leserin,Alan Bennet,Fiction,DE,Berlin
Die stimmen van marrakesh,Elias Canetti,Fiction,DE,Berlin
Die Strasse der ölsardinen,John Steinbeck,Fiction,DE,Berlin
Die Unheimliche Bibliothek,Haruki Murakami,Fiction,DE,Berlin
Die verwandlung,Franz Kafka,Fiction,DE,Berlin
Die wilde geschichte vom wassertrinker,John Irving,Fiction,DE,Berlin
Dunkle Passagen,"Walter-benjamin
",Fiction,DE,Berlin
Eine liebe swanns,Marcel proust,Fiction,DE,Berlin
Emil un die Detektive,Erich Kästner,Fiction,DE,Berlin
Faserland,Christian Kracht,Fiction,DE,Berlin
Flut,Wolfgang Hohlbein,Fiction,DE,Berlin
Fraszki,Jan Kochanowski,Fiction,DE,Berlin
Fraulein smillas gespür dur schnee,Peter Hoeg,Fiction,DE,Berlin
Frühe Kraniche,Tschingis Aitmatow,Fiction,DE,Berlin
Früstück bei tiffany,Truman Capote,Fiction,DE,Berlin
George Orwell,Rache ist sauer,Fiction,DE,Berlin
Gute Nacht Zuckerpüppchen,Heidi Hassenmüller,Fiction,DE,Berlin
Hard-boiled wonderuland und das ende der welt,Haruki Murakami,Fiction,DE,Berlin
Herr lehmann,Sven regener,Fiction,DE,Berlin
Hundert Jahre Einsamkeit,Gabriel Garcia Marquez,Fiction,DE,Berlin
Ich kehre zurück nach Afrika,Stefanie Gercke,Fiction,DE,Berlin
In alter Vertrautheit,David Foster Wallace,Fiction,DE,Berlin
In einem andern land,Ernest Hemingway,Fiction,DE,Berlin
Irischen Tagebuch,Heinrich Böll,Fiction,DE,Berlin
Juli zeh nullzeit,Schöffling & Co.,Fiction,DE,Berlin
Katz und Maus,Güter Grass,Fiction,DE,Berlin
Küsschen küsschen!,Roald Dahl,Fiction,DE,Berlin
Leviathan julien green amazon,Julien Green,Fiction,DE,Berlin
Liebe Mill,"Wilhelm Grimm, Maurice Sendak",Fiction,DE,Berlin
Lolita,Vladimir Nabokov,Fiction,DE,Berlin
Lord Jim,Joseph Conrad,Fiction,DE,Berlin
Mein name sei gantenbein,Max frish,Fiction,DE,Berlin
Mister auziehvogel,Haruki Murakami,Fiction,DE,Berlin
Moje Ewangelie,Eric-Emmanuel Schmitt,Fiction,DE,Berlin
Monsieur ibrahim und die blumen des koran!,Eric-Emmanuel Schmitt,Fiction,DE,Berlin
Mutmassungen über Jakob,Uwe Johnson,Fiction,DE,Berlin
Nachtflug,Antoine de Saint-Exupery,Fiction,DE,Berlin
Per Anhalter durch die Galaxis,Douglas Adams,Fiction,DE,Berlin
"Pnin
",Vladimir Nabokov,Fiction,DE,Berlin
Portät in Sepia,Isabel Allende,Fiction,DE,Berlin
Preussen ohne legende,Sebastian Haffner,Fiction,DE,Berlin
Schiffbruch mit Tiger,Yann Martel,Fiction,DE,Berlin
Schneeweiss und Russenrot,Dorota Maslowska,Fiction,DE,Berlin
Schwätzer,Karl-Heinz Göttert,Fiction,DE,Berlin
Schweigeminute,Siegfired Lenz,Fiction,DE,Berlin
"Sei wie ein Fluß, der still die Nacht durchströmt",Paulo Coelho,Fiction,DE,Berlin
Selam Berlin,Yadé Kara,Fiction,DE,Berlin
Stenstuden der bedeutungslosigkeit,rocko schamoni,Fiction,DE,Berlin
Stiller,Max Frisch,Fiction,DE,Berlin
Stiller,Max Frish,Fiction,DE,Berlin
Stolz und vorurteil,Jane austen,Fiction,DE,Berlin
Tanztheatergeschichten,Pina Bausch,Fiction,DE,Berlin
The picture of dorian gray,Oscar Wilde,Fiction,EN,Berlin
Tortilla flat,John steinbeck,Fiction,DE,Berlin
Traumpfade,Bruce Chatwin,Fiction,DE,Berlin
tschik,Wolfgang Herrndorf,Fiction,DE,Berlin
Und Nietzsche weinte,Irvin D. Yalom,Fiction,DE,Berlin
Und sagte kein einziges wort,Heinrich Böll,Fiction,DE,Berlin
Vergessenheit,David Foster Wallace,Fiction,DE,Berlin
Von Mäusen und Menschen,John Steinbeck,Fiction,DE,Berlin
Wahnsee,Robert Haasnoot,Fiction,DE,Berlin
"Wanderer, kommst du nach Spa",Heinrich Böll,Fiction,DE,Berlin
Was ich liebte,Siri Hustvedt,Fiction,DE,Berlin
Weltbeziehungen in zeitalter der beschleunigung,Hartmut Rosa,Fiction,DE,Berlin
Wenn ein Reisender in einer winternacht,Italo Calvino,Fiction,DE,Berlin
Wie ein stein im geröll ,Maria Barbel,Fiction,DE,Berlin
Wie ich eines schönen morgens im april das 100%ige mädchen sah,Haruki Murakami,Fiction,DE,Berlin
Wiedersehen in howards end,Edward Morgan Forster,Fiction,DE,Berlin
Wilde schafsjagd,Haruki Murakami,Fiction,DE,Berlin
Wind Sand Sterne,Antoine de Saint-Exupery,Fiction,DE,Berlin
Wuthering Heights,Emily Bronte,Fiction,DE,Berlin
"Zen and the art of motorcycle maintenance
",Robert M. Pirsig,Fiction,DE,Berlin
Zusammen ist man weniger allein,Anna Gavalda,Fiction,DE,Berlin
"lalu lala, arme kleine Ophelia",Fanny Morweiser,Fiction,DE,Berlin
Aller tage abend,Jenny Erpenbeck,Fiction,DE,Berlin
Der Magier,W. Somerset Maugham,Fiction,DE,Berlin
Der seewolf,Jack London,Fiction,DE,Berlin
Froschkönig,Adam Davies,Fiction,DE,Berlin 
1Q84 (Books 1 & 2),Haruki Murakami,Fiction,EN,Berlin
A Clockwork Orange,Anthony Burgess,Fiction,EN,Berlin
A farewell to arms,Ernest Hemingway,Fiction,EN,Berlin
A games of thrones: a song of ice and fire,George R. R. Martin,Fiction,EN,Berlin
A Hologram for the King,Dave Eggers,Fiction,EN,Berlin 
A Passage to India,Edward Morgan Forster,Fiction,EN,Berlin
A sea of troubles,Donna Leon,Fiction,EN,Berlin
A Tree Grows in Brooklyn,Betty Smith,Fiction,EN,Berlin
Ablutions,Patrick de Witt,Fiction,EN,Berlin 
Americanah,Chimamanda Ngozi Adichie,Fiction,EN,Berlin
Animal Farm,George Orwell,Fiction,EN,Berlin
Big Machine,Victor La Valle,Fiction,EN,Berlin
Birds of America,Lorrie Moore,Fiction,EN,Berlin
Blood Meridian,Cormac McCarthy,Fiction,EN,Berlin
Brave New World,Aldous Huxley,Fiction,EN,Berlin
Brave New World,Aldous Huxley,Fiction,EN,Berlin
Breakfast at Tiffany`s,Truman Capote,Fiction,EN,Berlin
Captain Corelli's Mandolin,Louis de Bernieres,Fiction,EN,Berlin
Catch 22,Joseph Heller,Fiction,EN,Berlin
Catching Fire,Suzanne Collins,Fiction,EN,Berlin
Choke,Chuck Palahniuk,Fiction,EN,Berlin
Cloud Atlas,David Mitchell,Fiction,EN,Berlin 
Coraline,Neil Gaiman,Fiction,EN,Berlin
Darkness at Noon ,Arthur Koestler,Fiction,EN,Berlin
Der gestiefelte kater,Charles Perrault,Fiction,EN,Berlin
Disgrace,J.M Coetzee,Fiction,EN,Berlin
Enduring Love,Ian McEwan,Fiction,EN,Berlin
English Passengers,Matthew Kneale,Fiction,EN,Berlin 
Everything is illuminated,Jonathan Safran Foer,Fiction,EN,Berlin
Farther away,Jonathan Franzen,Fiction,EN,Berlin
Fear and loathing in Las Vegas,Hunter S. Thompson,Fiction,EN,Berlin
Generation X,Douglas Coupland,Fiction,EN,Berlin
German Short Stories,Various,Fiction,EN,Berlin
Harry poter and the half-blooded prince,J. K. Rowling,Fiction,EN,Berlin
Harry potter and the order of the phoenix,J. K. Rowling,Fiction,EN,Berlin
Hollywood,Charles Bukowski,Fiction,EN,Berlin
In the Shadow of the Banyan,Vaddey Ratner,Fiction,EN,Berlin
IQ84,Haruki Murakami,Fiction,EN,Berlin 
"Island
",Aldous Huxley,Fiction,EN,Berlin
Jamrach's Menagerie,Carol Birch,Fiction,EN,Berlin
Jane Eyre,Charlotte Bronte,Fiction,EN,Berlin
Juliet Naked,Nick Homiby,Fiction,EN,Berlin
Kleine blumen,Ernst hinterberger,Fiction,EN,Berlin
Lady Chatterly's lover,David Herbert Richards Lawrence,Fiction,EN,Berlin
Life of Pi,Yann Martel,Fiction,EN,Berlin
Like Nowhere Else,Denyse Wood,Fiction,EN,Berlin
Lullaby,Chuck Palahniuk,Fiction,EN,Berlin
Midnight,Mao Turn,Fiction,EN,Berlin
Moby Dick,Herman Melville,Fiction,EN,Berlin
Mockingjay,Suzanne Collins,Fiction,EN,Berlin
Mort,Terry Pratchett,Fiction,EN,Berlin
Narcopolis,Jeet Thayill,Fiction,EN,Berlin
Nicholas Nickleby,Charles Dickens,Fiction,EN,Berlin
Nine stories,J.D. Salinger,Fiction,EN,Berlin
Nineteen Eighty-Four (1984),George Orwell,Fiction,EN,Berlin
No one belongs here more than you,Miranda July,Fiction,EN,Berlin
Notes of a dirty old man,Charles Bukowski,Fiction,EN,Berlin
Oliver Twist,Charles Dickens,Fiction,EN,Berlin
On Humour,Simon Critchley,Fiction,EN,Berlin
On The Road,Jack Kerouac,Fiction,EN,Berlin
On the road,Jack Kerouac,Fiction,EN,Berlin
Point Omega,Don Delillo,Fiction,EN,Berlin
Pompeii,Robert Harris,Fiction,EN,Berlin
Pygmy,Chuck Palahniuk,Fiction,EN,Berlin
Questions of Travel,Michelle De Krester,Fiction,EN,Berlin
Rebel Heiress,Fiona Moutain,Fiction,EN,Berlin
Romeo & Juliet,William Shakespeare,Fiction,EN,Berlin
See jane run,Joy Fielding,Fiction,EN,Berlin
Sense and Sensibility,Jane Austen,Fiction,EN,Berlin
Snow Crash,Neal Stephenson,Fiction,EN,Berlin
Stoner,John williams,Fiction,EN,Berlin
The book of laughter and forgetting,Milan Kundera,Fiction,EN,Berlin
The Book Thief,Markus Zusak,Fiction,EN,Berlin
The brothers Karamazov,Fyodor Dostoyevsky,Fiction,EN,Brerlin
The elephant vanishes,Haruki Murakami,Fiction,EN,Berlin
The Fault in Our Stars,John Green,Fiction,EN,Berlin
The Gargoyle,Andrew Davidson,Fiction,EN,Berlin
The Golem and the Djinni,Helen Wecker,Fiction,EN,Berlin
The Handmaid's Tale,Margaret Atwood,Fiction,EN,Berlin
The Hitchhiker's Guide to the Galaxy,Douglas Adams,Fiction,EN,Berlin
The Hunger Games,Suzanne Collins,Fiction,EN,Berlin
The hunger games: Catching fire,Suzanne Collins,Fiction,EN,Berlin
The hunger games: mockingjay,Suzanne Collins,Fiction,EN,Berlin
The Innocent,Yan McEwan,Fiction,EN,berlin
The laments,George Hagen,Fiction,EN,Berlin
The Master and Margarita,Mikhail Bulgakov,Fiction,EN,Berlin
The Monk,Matthew Gregory Lewis,Fiction,EN,Berlin
The Moor's Last Sigh,Salman Rushdie,Fiction,EN,Berlin
The Orphan Master's Son,Adam Johnson,Fiction,EN,Berlin 
The Poisonwood Bible,Barbara Kingsolver,Fiction,EN,Berlin
The Prague Cemetery,Umberto Eco,Fiction,EN,Berlin
The reader,Bernhard Schlink,Fiction,EN,Berlin
The sorrow of an American,Siri hustvedt,Fiction,EN,Berlin
The Sum of Days,Isabel Allende,Fiction,EN,Berlin
The Sun Also Rises,Ernest Hemingway,Fiction,EN,Berlin
The Third Policeman,Flann O'Brien,Fiction,EN,Berlin
The Time Traveler's Wife,Audrey Niffenegger,Fiction,EN,Berlin
The Tipping Point,Malcolm Gladwell,Fiction,EN,Berlin
The war of don emmanuel`s nether parts,Louis de bernières,Fiction,EN,Berlin
The Zombie Survival Guide,Max Brooks,Fiction,EN,Berlin
Vanity Fair,William Thackeray,Fiction,EN,Berlin
Victor Hugo,Les Miserables,Fiction,EN,Berlin
Where there`s a will,Matt Beaumont,Fiction,EN,Berlin
World War Z,Max Brooks,Fiction,EN,Berlin
Super Cannes,JG Ballard,Fiction,EN,Berlin
The Christmas Mystery,Jostein Gaarder,Fiction,EN,Berlin
1Q84- complete trilogy,Haruki Murakami,Fiction,EN,Berlin
By Night in Chile,Roberto Bolaño,Fiction,EN,Berlin
Everything is Illuminated,jonathan Safran Foer,Fiction,EN,Berlin
Five germanys i have known ,Fritz stern,Fiction,EN,Berlin
Lost in translation,Eva Hoffman,Fiction,EN,Berlin
Madame  Bovary,Gustave Flaubert,Fiction,EN,Berlin
Slaughterhouse five,Kurt Vonnegut,Fiction,EN,Berlin
The Celestine Prophecy ,James Redfield,Fiction,EN,Berlin
Waiting for Godot,Samuel Beckett,Fiction,EN,Berlin
A Wodehouse Bestiary,P.G. Wodehouse,Fiction,EN,Berlin
Adventures of Huckleberry Finn,Mark Twain,Fiction,EN,Berlin
Atomised,Michel Houellebecq,Fiction,EN,Berlin
The Headmaster's Wager,Vincent Lam,Fiction,EN,Berlin
Americanah,Chimamanda Ngozi Adichie,Fiction,EN,Berlin
Austerlitz,W.G. Sebald,Fiction,EN,Berlin
100 años de soledad,Gabriel Garcia Marquez,Fiction,ES,Berlin
Bonsái Alejandro Zambra,Alejandro Zambra,Fiction,ES,Berlin
Dos Mujeres en Praga,Juan José Millás,Fiction,ES,Berlin
El lobo estepario,Herman Hesse,Fiction,ES,Berlin
Hija de la Fortuna,Isabel Allende,Fiction,ES,Berlin
Kafka en la orilla,Haruki Murakami,Fiction,ES,Berlin
La literatura nazi en América,Roberto Bolaño,Fiction,ES,Berlin
La Tregua,Mario Benedetti,Fiction,ES,Berlin
La Vorágine,José Estasio Ribera,Fiction,ES,Berlin
Las Partículas Elementales,Michel Houellebecq,Fiction,ES,Berlin
Nana,Chuck Palahniuk,Fiction,ES,Berlin
Pulp,Charles Bukowski,Fiction,ES,Berlin
Superviviente,Chuck Palahniuk,Fiction,ES,Berlin
The Poisonwood Bible,Barbara Kingsolver,Fiction,ES,Berlin
Les Trois Mousquetaires,Alexandre Dumas,Fiction,FR,Berlin
L'insoutenable legerete de l'etre,Milan Kundera,Fiction,FR,Berlin
Miedzy ustami a brzegium puchara,Maria Rodziewiczowna,Fiction,PL,Berlin
Nigdy w zyciu!,Katarzyna Grochola,Fiction,PL,Berlin
Osobowosc cmy,Katarzyna Grochola,Fiction,PL,Berlin
Paw Krolowej,Dorota Maslowska,Fiction,PL,Berlin
Wielki Diament,Joanna Chmielewski,Fiction,PL,Berlin
Uzun Sürmüş Bir Günün Akşamı,Bilge Karasu,Fiction,"TR
",Berlin
"Danaburnu
",Oktay Rıfat,Fiction,"TR
",Berlin
The Hero with a thousand faces,Joseph Campbell,Film,EN,Berlin
The hero with a thousand faces,Joseph campbell,Film,EN,Berlin
The hitchcock annual Anthology,Multiple film critics,Film,EN,Berlin
The Arrival,Shaun Tan,Graphic novel,-,Berlin
Lip: des héros ordinaires,Laurent Galandon & Damien Vidal,Graphic novel,FR,Berlin
Eine frau in Berlin,Anonyma,Historical fiction,DE,Berlin
Hitlers geheime diplomatin,Martha schad,Historical fiction,DE,Berlin
A Woman in Berlin,Anonyma,Historical fiction,EN,Berlin
Imperium,Robert harris,Historical fiction,EN,Berlin
Mistletoe and murder,Carola Dunn,Historical fiction,EN,Berlin
Ben Hur: a tale of the christ,Lew Wallace,Historical novel,DE,Berlin
"Quilmes, 246 anos y un bicentenario",Various Authors,Historical novel,ES,Berlin
1000 tage die die welt bewegten,"Lothar Berndorff, Tobias Friedrich",History,DE,Berlin
1913 der sommer des jahrhunderts,Florian Illies,History,DE,Berlin
Der 17 Juni 1953,Volker Knoop,History,DE,Berlin
Die päpstin,Donna W. Cross,History,DE,Berlin
Sternstunden der menschheit,Stefan Zweig,History,DE,Berlin
"Über lebenskunst: Utopien nach der krise
","Narbutovic, Stemmler",History,DE,Berlin
Welt- und kulturgeschichte,Die Zeit,History,DE,Berlin
Wirtschaft und demokratie,Marion Gräfin dönhoff,History,DE,Berlin
A history of civilizations,Fernand Braudel,History,EN,Berlin
A russian diary,Anna politkovskaya,History,EN,Berlin
Alone in Berlin,Hans Fallada,History,EN,Berlin 
Revolutionary iran michael axworthy,Michael Axworthy,History,EN,Berlin
Revolutionary Iran: A history of the islamic republic,Michael Axwworthy,History,EN,Berlin
Stasiland,Anna Funder,History,EN,Berlin
The arabs and the holocaust,Gilbert achar,History,EN,Berlin
The ascent of money - a financial history of the world,Niall Ferguson,History,EN,Berlin
The End of History and the Last Man,Francis Fukuyama,History,EN,Berlin
The houses of History,Green and troup,History,EN,Berlin
The Pol Pot Regime,Ben Kiernan,History,EN,Berlin
Breve Historia de Alemania,Hagen Schulze,History,ES,Berlin
Apres l'empire,Emmanuel Todd,History,FR,Berlin
Historia Polski 1 ( do 1864 Roku),Maria Bogucka,History,PL,Berlin
Historia Polski 2 ( 1864- 2001),Antoni Czubinski,History,PL,Berlin
Sacharow stellungnahme,Andrei Dimitrijewitsch,Human rights,DE,Berlin
Gebrauchsanleitung Mensch,Paul Hawkins,Humour,DE,Berlin 
Ich bin Kein Berliner,Vladamir Kaminer,Humour,DE,Berlin 
Guards Guards,Terry Pratchett,Humour,EN,Berlin 
"LAMB (The Gospel According to Biff, Christ's Childhood Pal",Christopher Moore,Humour,EN,Berlin 
The Brain-dead Megaphone,George Saunders,Humour,EN,Berlin 
The Brief and Frightening Reign of Phil,George Saunders,Humour,EN,Berlin 
The Psycopath Test,Jon Ronson,Humour,EN,Berlin 
The Sisters Brothers,Patrick de Witt,Humour,EN,Berlin 
Turkish Berlin,Annika Marie Hinze,Integration Policy and Urban Space,EN,Berlin
Energy diplomacy,Stanislav Zhiznin,International Relations,EN,Berlin
Theorien des internet,Martin Warnke,Internet,DE,Berlin
Latticework,Robert G. Hagstrom,Investing,EN,Berlin
 Die Mittelstuffe B2/2,Studio D,Language course,DE,Berlin
Abschlusskurs: Kursbuch + Arbeitsbuch C1,EM Neu,Language course,DE,Berlin
Berliner Platz 1 (Niveau A1),Langenscheidt,Language Course,DE,Berlin
Mittelstufe Deutsch: Lehr- und arbeitsbuch teil 1 B2,Aspekte,Language course,DE,Berlin
Kein panik vor thermodynamik,"Dirk labuhnm, Oliver Romberg",Lehrbuch,DE,Berlin
Manage your day-to-day,99y,Management,EN,Berlin
Small Business Survival,Kevin Duncan,Management,EN,Berlin
Before happiness,Shawn Achor,Management,EN,Berlin
Formeln und Tabellen von Paetec,Paetec für Sek I+II,Mathematics,DE,Berlin
Into the wild,Jon Krakauer,Memoir,EN,Berlin
Hidden Cities: A Memoir of Urban Exploration,Moses Gates,Memoir,EN,Berlin
Was mache ich hier,Bruce Chatwin,"Memoires
",DE,Berlin
Dressed for Death,Donna Leon,Mystery,EN,berlin
We are our brains,Dick Frans Swaab,Neuroscience,EN,Berlin
This Is Your Brain on Music,Daniel J Levitin,"Neuroscience, Music",EN,Berlin
Der Dativ ist dem Genitiv sein Tod,Bastian Sick,Non Fiction,DE,Berlin
Elvis ist tot,Gerhard waldherr,Non Fiction,DE,Berlin
Energie für Europa,Martin Hermann,Non Fiction,DE,Berlin
Global Player: warum wir nicht mehr erwachsen werden,Sascha Lehnartz,Non Fiction,DE,Berlin
A Cold Peace,Jeffrey E Garten,Non Fiction,EN,Berlin
Der Klang Der Familie,"Felix Denk, Sven Von Thulen",Non Fiction,EN,Berlin
Tales of Ordinary Madness,Charles Bukowski,Non Fiction,EN,Berlin
Time to Listen: Hearing People on the Receiving End of International Aid,"Mary B. Anderson, et. al. ",Non Fiction,EN,Berlin
Escape from Camp 14,Blaine Harden,Non-fiction,EN,Berlin
The Country Under My Skin,Gioconda Belli,Non-fiction,EN,Berlin
LIFE,Keith Richards,Non-fiction,EN,Berlin
Quiet: The Power of Introverts in a World that Can't Stop Talking,Susan Cain,Non-fiction,EN,Berlin
Le Curé de Tours,Honoré de Balzac,Novella,FR,Berlin
Sur l'eau,Guy de Maupassant,Novella,FR,Berlin
Das Kartengeheimnis,Jostein Gaarder,Philosophical Fiction,DE,Berlin
Das Orangenmädchen,Jostein Gaarder,Philosophical Fiction,DE,Berlin
"Durch einen Spiegel, in einem dunkelen Wort",Jostein Gaarder,Philosophical Fiction,DE,Berlin
Maja,Jostein Gaarder,Philosophical Fiction,DE,Berlin
Sofies Welt,Jostein Gaarder,Philosophical Fiction,DE,Berlin
Sofies Welt,Jostein Gaarder,Philosophical Fiction,DE,Berlin
The little prince,Antoine de Saint-Exupery,Philosophical Fiction,EN,Berlin
Das andere geschlecht sitte und sexus der frau,Simon de Beauvoir,Philosophy,DE,Berlin
Das kleine Buch vom Glück,Jean Gastaldi,Philosophy,DE,Berlin
Die tagebücher,Anais Nin,Philosophy,DE,Berlin
Fragmente einer sprache der liebe,Roland Barthes,Philosophy,DE,Berlin
Hauptwerke der philosophie,Andreas Greaser,Philosophy,DE,Berlin
Hauptwerke der philosophie ,von kant bis nietzsche,Philosophy,DE,Berlin
Hipster,Mark greif u.a. (Hg.),Philosophy,DE,Berlin
Liebe dein symptom wie dich selbst!,Slavoj Zizek,Philosophy,DE,Berlin
Nacktheiten,Giorgio Agamben,Philosophy,DE,Berlin
"Paare, Passanten",Botho Strauss,Philosophy,DE,Berlin
"Paare, Passanten",Botho Strauss,Philosophy,DE,Berlin
Philosphie der internationalen politik,"Frank Dietrich, Veronique Zanetti",Philosophy,DE,Berlin
Theorie des kommunikativen handelns band 1,Jürgen Habermas,Philosophy,DE,Berlin
The Art of Loving,Erich Fromm,Philosophy,EN,Berlin
The Communist manifesto penguin review,Karl Marx and Friedrich Engels,Philosophy,EN,Berlin
The essential swedeborg,Sig Synnestvedt,Philosophy,EN,Berlin
The Unbearable Lightness of Being,Milan Kundera,Philosophy,EN,Berlin
Who owns the future?,Jaron Lanier,Philosophy,EN,Berlin
A Thousand years of non-linear History,Manuel De Landa,Philosophy,EN,Berlin
Así habló Zarathustra,Nietszche,Philosophy,ES,Berlin
El nacimiento de la tragedia,Nietszche,Philosophy,ES,Berlin
Le musée imaginaire,André Malraux,Philosophy,FR,Berlin
L'etranger,Albert Camus,Philosophy,FR,Berlin
L'Étranger,Albert Camus,Philosophy,FR,Berlin
The Pig That Wants to be Eaten,Julian Baggini,"Philosophy
",EN,Berlin 
Der kleine prinz kehrt zurück,Jean-pierre davidts,Philosphy,DE,Berlin
Hauptwerke der philosophie 20. Jahrhunder,"Adorno,heidegger,carnap and more..",Philosphy,DE,Berlin
Transparenzgesellschaft,Byung-chul Han,Philosphy,DE,Berlin
Was ist macht?,Byung-Chul Han,Philosphy,DE,Berlin
A love story in letters,Rilke and Andreas Salome,Philosphy,EN,Berlin
A guide to the good life (the ancient art of stoic life),William B. Irvine,Philosphy,EN,Berlin
Vagabonding,Rolf Potts,Philosphy,EN,Berlin
Le petit prince,Antoine de Saint-Exupery,Philosphy,FR,Berlin
La philosophie dans le boudoir,Sade,Philosphy,FR,Berlin
Einbruch der zeit,Jean Gebser,"Philosphy
",DE,Berlin
On the shortness of life: life is long if you know how to use it,Seneca,"Philosphy
",EN,Berlin
Istanbul,Ara Güler,Photography,EN,Berlin
8 steps to a pain free back,Esther Gokhale,Physical Therapy,EN,Berlin
Just six numbers,Martin Rees,Physics,EN,Berlin
Briefe an Rinette,Antoine de Saint-Exupery,Poetry,DE,Berlin
Der Prophet,Khalil Gibran,Poetry,DE,Berlin
Die Gedichte,Rainer Maria Rilke,Poetry,DE,Berlin
Wondratschek Gedichte/Lieder,Wolf Wondratschek,Poetry,DE,Berlin
Silver-poets of the 16th Centre,Multiple authors,Poetry,EN,Berlin
The collected Poems of W.B. Yeats,W.B. Yeats,Poetry,EN,Berlin
"the soul of rumi
",coleman barks,poetry,EN,Berlin
rumi - the big red book,coleman barks,poetry,EN,Berlin 
"love, soul & freedom - dancing with rumi on the mystical path
",Breton & Largent,Poetry,EN,Berlin
2x Lala - Naked Song,coleman barks,Poetry,EN,Berlin
Spirits Rebellious,Khalil Gibran,Poetry,EN,Berlin
Thoughts and Meditations,Khalil Gibran,Poetry,EN,Berlin
The Prophet,Khalil Gibran,Poetry,EN,Berlin
"I, Lala - The Poems of Lal Ded
","ranjit hoskote
",Poetry,EN,Berlin
The Tao Te Ching - a Zen poet`s view,D.R. Streeter,Poetry,EN,BErlin
Rumi - Birdsong ,coleman barks,Poetry,"EN
",Berlin
Antologia poezja polskiej ( od sredniowiecza do wspotczesnosci),Multiple authors,Poetry,PL,Berlin
Nacht über den wassern,Ken follet,Political Fiction,DE,Berlin
Neu start,Patrick D. Cowden,Political science,DE,Berlin
Postdemokratie,Colin Crouch,Political science,DE,Berlin
Political ideologies an introduction,Andrew Heywood,Political science,EN,Berlin
The Origins of Totalitarianism,Hannah Arendt,Political science,EN,Berlin
Al Qaeda and what it means to be modern,John gray,Political science,EN,Berlin
Wettlauf ins 21 jahrhunder - Die zukunf europas zwischen amerika und asien,Konrad seitz,Politics,DE,Berlin
A very short introduction: Globalisation,Manfred B. Steger,Politics,EN,Berlin
A very short introduction: Political Philosphy,David Miller,Politics,EN,Berlin
A very short introduction:The european union,John Pinder & Simon Usherwood,Politics,EN,Berlin
"Der Mann, der seine Frau mit einem Hut verwechselte",Oliver Sacks,Psychology,DE,Berlin
Der Wunderbare weg,M. Scott Peck,Psychology,DE,Berlin
Die traumdeutung,Sigmung Freud,Psychology,DE,Berlin
Studien über Hysterie,Josef breuer Sigmund freud,Psychology,DE,Berlin
Blink,Malcolm Gladwell,Psychology,EN,Berlin
Character Analysis,Wilhem Reic,Psychology,EN,Berlin
Evolutionary Psychology: A Graphic guide,Dylan Evans & Oscar Zarate,Psychology,EN,Berlin
Mastery,Robert Greene,Psychology,EN,Berlin
Opening Up,Tristan Taormino,Psychology,EN,Berlin
Quiet,Susan Cain,Psychology,EN,Berlin
The 7 Habits of Highly Effective People,Stephen R. Covey,Psychology,EN,Berlin
The Gift of Fear,Gavin De Becker,Psychology,EN,Berlin
The gifts of imperfection,Brené Brown,Psychology,EN,Berlin
The power of Habit,Charles Duhigg,Psychology,EN,Berlin
The Stuff of Thought,Steven Pinker,Psychology,EN,Berlin 
Thinking Fast and Slow,Daniel Kahnemann,Psychology,EN,Berlin 
What the Dog Saw,Malcolm Gladwell,Psychology,EN,Berlin
Inteligencia erotica,Esther perel,Psychology,ES,Berlin
La fatigue d'étre soi,Alain Ehrenberg,Psychology,FR,Berlin
Cabinets of Wonder,Davenne&Fleurent,Reference,EN,Berlin
Orientalism,Edward W. Said,Religion,EN,Berlin
The Holy Bible,King James Version,Religion,EN,Berlin
Ein tag wie ein leben,Nicholas Sparks,Romance,DE,Berlin
Jules und Jim,Henri-Pierre Roché,Romance,DE,Berlin
A note of parting,Liz Ryan,Romance,EN,Berlin
Between friends,Kathleen rowntree,Romance,EN,Berlin
Champagne kisses,Amanda Brunker,Romance,EN,Berlin
City Lives,Patricia Scanlan,Romance,EN,Berlin
Confessons of a demented housewife,Niamh Green,Romance,EN,Berlin
Days like these,Rebecca Tyrrel,Romance,EN,Berlin
Faith of the fallen,Terry goodkind,Romance,EN,Berlin
Fast women,Jennifer crusie,Romance,EN,Berlin
Fifty Shades Darker,E L James,Romance,EN,Berlin
Fifty Shades Freed,E L James,Romance,EN,Berlin
Fifty Shades of Grey,E L James,Romance,EN,Berlin
Goodnight nobody,Jennifer Weiner,Romance,EN,Berlin
Honeymoon,Amy jenkins,Romance,EN,Berlin
Love eternally ,Debora wright,Romance,EN,Berlin
Mad about the girls,Francesca clementis,Romance,EN,Berlin
Maternal instinct,Caroline Leavitt,Romance,EN,Berlin
Me and Mr Darcy,Alexandre Potter,Romance,EN,Berlin
One Fifth avenue,Candace Buschnell,Romance,EN,Berlin
Second chance pass,Robyn carr,Romance,EN,Berlin
Shopaholic ties the knot,Sophie Kinsella,Romance,EN,Berlin
Spellbound,Jane Green,Romance,EN,Berlin
The lost art of keeping secrets,Eva Rice,Romance,EN,Berlin
The other woman,Jane green,Romance,EN,Berlin
The shop on blossom street,Debbie Macomber,Romance,EN,Berlin
Tongue in cheek,Fiona walker,Romance,EN,Berlin
Up & out,Arielle papa,Romance,EN,Berlin
West-end girls,Jenny Colgan,Romance,EN,Berlin
Where the heart is,Billie Letts,Romance,EN,Berlin
The douglas fir,Anyta Sunday,Romance,EN,Berlin
Belle du seigneur,Albert Cohen,Romance,FR,Berlin
La peau de chagrin ,Balzac,Romance,FR,Berlin
" Atta Troll, Deutschland ein Wintermärchen",Heinrich Heine,Satire,DE,Berlin
Essential of statistics for the behavioral sciences,"Frederick j gravetter, Larry b. wallnau",Satistics,EN,Berlin
Das magische labyrinth,Philip José Farmer,Sci-Fi,DE,Berlin
Mort,Terry Pratchett,Sci-Fi,EN,Berlin
The Years of Rice and Salt,Kim Stanley Robinston,Sci-Fi,EN,Berlin
Ender's game,Orson Scott Card,Sci-fi,EN,Berlin
Schismatrix,Bruce Sterling,Sci-Fi,EN,Berlin
Neuromancer,William Gibson,Sci-Fi,EN,Berlin
Einsteins Ideen,Banesh Hoffmann,Science,DE,Berlin
The 7 Habits of Highly Effective People,Stephen R. Covey,Self Improvement,EN,Berlin
Tales of Outer Suburbia,Shaun Tan,Short Fiction,EN,Berlin
Rudende Hunde,"Elke Heidenreich, Bernd Schroeder",Short Stories,DE,Berlin
Beginners,Raymond carver,Short Stories,DE,Berlin
Im Morgengrauen,Stephen King,Short Stories,DE,Berlin
"In einem Monat, In einem Jahr",Francoise Sagan,Short Stories,DE,Berlin
Mythologische nacht,Manfred Kyber,Short Stories,DE,Berlin
Readers Digest Auswahlbucher,Ken follet & Wendelgard von staden & Robert P. Davis,Short Stories,DE,Berlin
The art of short story,multiple,Short Stories,EN,Berlin
Father brown: selected stories,G.K. Chesteron,Short Stories,EN,Berlin
Kulturwissenschaftliche gedächnistheorien,Nicolas Pethes,Sociology,DE,Berlin
Der kleine unterschied und die grossen folgen,Alice schwarzer,Sociology,DE,Berlin
Warum liebe weh tut,Eva Illouz,Sociology,EN,Berlin
German Made Simple,Arnold Leitner,Study Aid,EN,Berlin
The Awakening of the Human Spirit,Hazrat Inayat Khan,Sufism,EN,Berlin
Four plays : the private ear - the public eye - white liars - black comedy,Peter shaffer,Theater,EN,Berlin
Macbeth,William Shakespeare,Theater,EN,Berlin
The tempest,Shakespeare,Theater,EN,Berlin
A Roland Barthes Reader,"Roland Barthes, Susan Sontag (Ed.)",Theory,EN,Berlin
Maps of the Imagination: The writer as a cartographer,Peter Turchi,Theory,EN,Berlin
"Stark ""The Dark Half""",Stephen King,Thriller,DE,Berlin
"""K"" is for killer",Sue grafon,Thriller,EN,Berlin
A wild justice,Graig Thomas,Thriller,EN,Berlin
Compulsion,Jonathan Kellerman,Thriller,EN,Berlin
Crime and Punishment,Fyodor Dostoyevsky,Thriller,EN,Berlin
Dance with death,Barbara Nadel,Thriller,EN,Berlin
Fallen Gods,Jardine Quintin,Thriller,EN,Berlin
Force protection,Gordon Kent,Thriller,EN,Berlin
Gerald`s game,Stephen King,Thriller,EN,Berlin
Our kind of traitor,John le Carré,Thriller,EN,Berlin
Rainbow six,Tom clancy ,Thriller,EN,Berlin
Room,Emma Donoghue,Thriller,EN,Berlin
Shutter Island,Dennis lehane,Thriller,EN,Berlin
The Adventures of Sherlock Holmes,Conan Doyle,Thriller,EN,Berlin
The body farm,Patricia Cornwell,Thriller,EN,Berlin
The broken shore,Peter Temple,Thriller,EN,Berlin
The dead room,Chris mooney,Thriller,EN,Berlin
The deceived,Brett Battles,Thriller,EN,Berlin
The devil`s bones,Jefferson bass,Thriller,EN,Berlin
The Power of the dog,Don Winslow,Thriller,EN,Berlin
The rainmaker,John Grisham,Thriller,EN,Berlin
The tweltfth card,Jeffery deaver,Thriller,EN,Berlin
Wild fire,Nelson Demille,Thriller,EN,Berlin
A Painted House,John Grisham,Thriller,EN,Berlin
Brüssel,Baedeker,Travel guide,DE,Berlin
Brüssel,Marco Polo,Travel guide,DE,Berlin
"Brüssel, Antwerpen, Gent & Brügge",Dorling Kindersley,Travel guide,DE,Berlin
Charlottenburg,Kiez.de,Travel guide,DE,Berlin
Dresden,Baedeker,Travel guide,DE,Berlin
Gebrauchs Anweisung für Deutschland,Wolfgang Koydi,Travel guide,DE,Berlin
Krakau,"J. Szurmant, M. Niedzielska",Travel guide,DE,Berlin
London (1998),Apa Guide,Travel guide,DE,Berlin
New York,Baedeker,Travel guide,DE,Berlin
Prag,Marco Polo,Travel guide,DE,Berlin
Spaziergänge in Charlottenburg,Klaus-Dieter Wille,Travel guide,DE,Berlin
Culture Shock! Berlin,Agnes Sachsenroede,Travel guide,EN,Berlin
London Free and Dirt Cheap,Joe Fullman,Travel guide,EN,Berlin
City Guide: Berlin,Phaidon,Travel guide,EN,Berlin
Dublin,Lonely Planet,Travel guide,EN,Berlin
Europe on a shoestring,Lonely Planet,Travel guide,EN,Berlin
India (2011),Lonely Planet,Travel guide,EN,Berlin
Kapstadt und garden route ( 2007),Iwanowski`s,Travel guide,EN,Berlin
Let's Go Germany,Let's Go,Travel guide,EN,Berlin
London TOP 10 (2008),Dorling Kindersley,Travel guide,EN,Berlin
Poland Guide for tourists,Itb berlin,Travel guide,EN,Berlin
Southeast Asia on a shoestring,Lonely Planet,Travel guide,EN,Berlin
The greenwood guide to south africa and namibia with zambia and botswana. 7th edition,Greenwood guide,Travel guide,EN,Berlin
"Vietnam, Cambodia, Laos & Northern Thailand (2012)",Lonely Planet,Travel guide,EN,Berlin
Powiat Wejherowski,Jarozlaw Ellwart,Travel guide,PL,Berlin
A guide for grown-ups,Antoine de Saint-Exupery,Trivial,EN,Berlin
The book of trees,Manuel Lina,Trivial,EN,Berlin
What i know now - letters to my younger self,Multiple extraordinary woman,Trivial,EN,Berlin
Meditation ,OSHO,Yoga,EN,Berlin
Pranayama The breath of yoga,Gregor maehle,Yoga,EN,Berlin
Teaching yoga,Mark Stephens,Yoga,EN,Berlin
Zen mind. Beginner`s mind,Shunryu Suzuki,Yoga,EN,Berlin
Theorie des kommunikativen handelns band 2,Jürgen Habermas,Theory,DE,Berlin
Warum lesen? Warum nicht?,Zitatensammlung,Qoutes,DE,Berlin
Berlin then and now,Nick Gay,Photography,EN,Berlin
Brick lane,Monica Ali,Fiction,EN,Berlin
Bury Me Standing,Isabel Fonseca,Anthropology,EN,Berlin
Cat's Eye,Margaret Atwood,Fiction,EN,Berlin
Child 44,Tom Rob Smith,Thriller,EN,Berlin
Cloudsplitter,Russel Banks,Historical Fiction,EN,Berlin
Cosmopolitansim,Kwame Anthony Appiah,Philosophy,EN,Berlin
East of Eden,John Steinbeck,Fiction,EN,Berlin
Gulliver's Travels,Jonathan Swift,Fiction,EN,Berlin
Heart of darkness & other stories,Joseph conrad,Fiction,EN,Berlin
Hunger,Knut Hamsun,Fiction,EN,Berlin
If this is a man and the truce,Primo Levi,Memoir,EN,Berlin
jivamukti yoga,Sharon Gannon and David Life,Yoga,EN,Berlin
Kaleidoscrope: lenses on reality,multiple,Philosphy,EN,Berlin
Lord of the Flies,William Golding,FIction,EN,Berlin
One Flew Over the Cuckoo's Nest,Ken Kesey,Fiction,EN,Berlin
Oranges are not the only fruit,Jeanette Winterson,Fiction,EN,Berlin
Photocrafty,Sue Venables,Photography,EN,Berlin
Photography - the whole story,Juliet Hacking,Photography,EN,Berlin
Police,Jo Nesbo,Thriller,EN,Berlin
Runaway Jury,John Grisham,Thriller,EN,Berlin
Sex at dawn,"Christopher Ryan, Cacilda Jetha",Human sexuality,EN,Berlin
Sophie's Choice,William Styron,Philosphy,EN,Berlin
Stoner,John Williams,Fiction,EN,Berlin
Street Lawyer,John Grisham,Thriller,EN,Berlin
Suite française,Irène Némirovsky,Fiction,EN,Berlin
Tess of the D'Urbervilles,Thomas Hardy,Fiction,EN,Berlin
The Black Album,Hanif Kureishi,Fiction,EN,Berlin
The Bone Bed,Patricia Cornwell,Thriller,EN,Berlin
The Book of Salt,Monique Truong,Fiction,EN,Berlin
The Book Thief,Markus Zusak,Historical Fiction,EN,Berlin
The bottom billion,Paul Collier,Economics,EN,Berlin
The cat`s table,Michael Ondaatje,Fiction,EN,Berlin
The dark,Lemony Snicket & Jon Klassen ,Comic,EN,Berlin
The Guest Worker Question in Postwar Germany,Rita Chin,History,EN,Berlin
The hotel hampshire,John Irving,Fiction,EN,Berlin
The Koran,Oxford University Press Edition,Religion,EN,Berlin
The magician king,Lev Grossman,Fantasy,EN,Berlin
The Power of Babel,John McWhorter,Linguistics,EN,Berlin
The rosie project,Graeme C. Simsion,Romance,EN,Berlin
The Sacredness of the Person,Hans Joas,Human Rights,EN,Berlin
The Secret Life of Bees,Sue Monk Kidd,Fiction,EN,Berlin
The Tin Drum,Günter Grass,Historical Fiction,EN,Berlin
The World According to Garp,John Irving,Fiction,EN,Berlin
The-Hundred-year-old Man who climbed out of the Window and disappeard,Jonas Jonasson,Fiction,EN,Berlin
Waste,Tristram stuart,Economics,EN,Berlin
Watership Down,Richard Adams,Fantasy,EN,Berlin
Weapons of mass diplomacy,Lanzac & Blain,Graphic Novel,EN,Berlin
Word freak,Stefan Fatsis,Entertainment,EN,Berlin
Inventing the enemy,Umbert Eco,Essays,EN,Berlin
The paradox of choice,B. Schwartz,Psychology,EN,Berlin
Ape and essence,A. Huxley ,Fiction,EN,Berlin
The other Poe,E. A. Poe,,EN,Berlin
"
Freakonomics

","S. D. Levitt, S. J. Dubner",Economics,EN,Berlin
The Magus,J. Fowles,Fiction,EN,Berlin
 Die verlorene Ehre der Katharina Blum,H. Böll,Fiction,EN,Berlin
Fun Home,Alison Bechdel,Comic,EN,Berlin